{
    "rmse": 0.6581385589346911,
    "mae": 0.5068572226965142,
    "r2": 0.4098773146819955
}